symbol,name
UBER,"Uber Technologies, Inc."
TSM,Taiwan Semiconductor Manufacturing Company Limited
CD,Chindata Group Holdings Limited
U,Unity Software Inc.
DDOG,"Datadog, Inc."
BILL,"BILL Holdings, Inc."
DLO,DLocal Limited
JKS,"JinkoSolar Holding Co., Ltd."
DQ,Daqo New Energy Corp.
RAAS,Cloopen Group Holding Limited
FTNT,"Fortinet, Inc."
AYX,"Alteryx, Inc."
SOL,Emeren Group Ltd
FROG,JFrog Ltd.
CSIQ,Canadian Solar Inc.
CLS,Celestica Inc.
NCNO,"nCino, Inc."
ALGM,"Allegro MicroSystems, Inc."
DV,"DoubleVerify Holdings, Inc."
ANET,"Arista Networks, Inc."
DAVA,Endava plc
GLOB,Globant S.A.
JAMF,Jamf Holding Corp.
WEX,WEX Inc.
PAYC,"Paycom Software, Inc."
YOU,"Clear Secure, Inc."
HUBS,"HubSpot, Inc."
SEMR,"Semrush Holdings, Inc."
MPWR,"Monolithic Power Systems, Inc."
ACLS,"Axcelis Technologies, Inc."
SMCI,"Super Micro Computer, Inc."
EXLS,"ExlService Holdings, Inc."
PEGA,Pegasystems Inc.
PLXS,Plexus Corp.
DGII,Digi International Inc.
NYAX,Nayax Ltd.
WBX,Wallbox N.V.
PMBJX,Principal MidCap Fund Class J
PMAQX,PRINCIPAL MIDCAP FUND Class R-6
PEMGX,Principal MidCap Fund
PMBMX,Principal MidCap Fund R-3 Class
PMBPX,Principal MidCap Fund R-5 Class
PMBCX,Principal MidCap Fund
PMBSX,Principal MidCap Fund
PMSBX,Principal MidCap Fund R-1 Class
PCBIX,Principal MidCap Fund
JMGRX,Janus Henderson Enterprise Fund
JDMAX,Janus Henderson Enterprise Fund Class A
JAENX,Janus Henderson Enterprise Fund
JDMNX,Janus Henderson Enterprise Fund - N Shares
JANEX,Janus Henderson Enterprise Fund
JGRCX,Janus Henderson Enterprise Fund
JGRTX,Janus Henderson Enterprise Fund
JDMRX,Janus Henderson Enterprise Fund
BGRIX,Baron Growth Fund
BGRFX,Baron Growth Fund
BGRUX,Baron Growth Fund
POAGX,PRIMECAP Odyssey Aggressive Growth Fund
HARSX,Carillon Eagle Mid Cap Growth Fund
HRAUX,Carillon Eagle Mid Cap Growth Fund
HAGCX,Carillon Eagle Mid Cap Growth Fund Class C
HAGAX,Carillon Eagle Mid Cap Growth Fund
HAGIX,Carillon Eagle Mid Cap Growth Fund Class I
HRAYX,Carillon Eagle Mid Cap Growth Fund
HAREX,Carillon Eagle Mid Cap Growth Fund
MEFNX,MassMutual Mid Cap Growth Fund
MEFZX,MassMutual Mid Cap Growth Fund
MEFFX,MassMutual Select Mid Cap Growth Equity II Fund Class R4
MEFYX,MassMutual Mid Cap Growth Fund
MGRFX,MassMutual Mid Cap Growth Fund
MEFAX,MassMutual Mid Cap Growth Fund Class A
MMELX,MassMutual Mid Cap Growth Fund
BARAX,Baron Asset Fund
BARUX,Baron Asset Fund
BARIX,Baron Asset Fund
PEEAX,PGIM Jennison Mid-Cap Growth Fund
JDERX,PGIM Jennison Mid-Cap Growth Fund- Class R
PEGGX,PGIM Jennison Mid-Cap Growth Fund
PJGQX,PGIM Jennison Mid-Cap Growth Fund
PEGCX,PGIM Jennison Mid-Cap Growth Fund- Class C
PEGEX,PGIM Jennison Mid-Cap Growth Fund- Class R2
PEGZX,PGIM Jennison Mid-Cap Growth Fund
WSMRX,William Blair Small-Mid Cap Growth Fund
WSMNX,William Blair Small-Mid Cap Growth Fund
WSMDX,William Blair Small-Mid Cap Growth Fund
PRDMX,T. Rowe Price Diversified Mid Cap Growth Fund
RPTTX,T. Rowe Price Diversified Mid Cap Growth Fund
VSCRX,Virtus KAR Small-Cap Core Fund
PKSAX,Virtus KAR Small-Cap Core Fund
PKSCX,Virtus KAR Small-Cap Core Fund
PKSFX,Virtus KAR Small-Cap Core Fund
VMACX,Virtus KAR Mid-Cap Core Fund
VIMCX,Virtus KAR Mid-Cap Core Fund I
VMCCX,Virtus KAR Mid-Cap Core Fund
VRMCX,Virtus KAR Mid-Cap Core Fund
JAAGX,Janus Henderson Enterprise Portfolio - Institutional Shares
JACBX,John Hancock Mid Cap Growth Fund
JACEX,John Hancock Mid Cap Growth Fund{mg}
JACJX,John Hancock Mid Cap Growth Fund Class A
JACFX,John Hancock Mid Cap Growth Fund Class NAV
JACLX,John Hancock Mid Cap Growth Fund Class C
VKSAX,Virtus KAR Small-Mid Cap Core Fund
VKSCX,Virtus KAR Small-Mid Cap Core Fund
VKSIX,Virtus KAR Small-Mid Cap Core Fund Class I
VKSRX,Virtus KAR Small-Mid Cap Core Fund
TFGRX,Touchstone Mid Cap Growth Fund
TEGYX,Touchstone Mid Cap Growth Class Y
TEGAX,Touchstone Mid Cap Growth Fund Class A
TEGIX,Touchstone Mid Cap Growth Insti Cl
TOECX,Touchstone Mid Cap Growth Fund
VYRIX,VY T. Rowe Price Diversified Mid Cap Growth Portfolio Class R6
IAXTX,VY T. Rowe Price Diversified Mid Cap Growth Portfolio
IAXSX,VY T. Rowe Price Diversified Mid Cap Growth Portfolio
IAXAX,VY T. Rowe Price Diversified Mid Cap Growth Portfolio
IAXIX,VY T. Rowe Price Diversified Mid Cap Growth Portfolio
GGOIX,Goldman Sachs Mid Cap Growth Fund
GGOAX,Goldman Sachs Mid Cap Growth Fund Class A
GGOCX,Goldman Sachs Mid Cap Growth Fund
KNPYX,"Kinetics Mutual Fds, Inc. The Paradigm Fd Insti Cl"
WWNPX,Kinetics Paradigm Fund
KNPCX,Kinetics Paradigm Fund
KNPAX,Kinetics Paradigm Fund
MMBUX,MassMutual Select T. Rowe Price Small and Mid Cap Blend Fund Class I
VMSGX,VALIC Company I Mid Cap Strategic Growth Fund
VLMIX,Value Line Mid Cap Focused Fund Institutional Class
VLIFX,Value Line Mid Cap Focused Fund
FGSCX,Federated Hermes MDT Mid Cap Growth Fund Class C Shares
FGSIX,Federated Hermes MDT Mid Cap Growth Fund
FGSKX,Federated Hermes MDT Mid Cap Growth Fund
FGSAX,Federated Hermes MDT Mid Cap Growth Fund
VYRBX,VY Baron Growth Portfolio Class R6
IBGIX,VY Baron Growth Portfolio
IBCGX,VY Baron Growth Portfolio
IBSSX,VY Baron Growth Portfolio Class S
IBSAX,VY Baron Growth Portfolio
PMSGX,Principal MidCap Growth Fund R-1 Class
PIPPX,Principal MidCap Growth Fund R-4 Class
BIPSX,ProFunds Biotechnology UltraSector Fund Service Class
BIPIX,ProFunds Biotechnology UltraSector Fund
JMIGX,Jacob Discovery Fund Institutional Class
JMCGX,Jacob Discovery Fund
UOPIX,Ultra NASDAQ-100 ProFunds Investor Class
UOPSX,ProFunds UltraNASDAQ-100 Fund
RYVLX,"Rydex Dynamic Fds, Nasdaq - 100 2x Strategy Fd Cl A"
RYVYX,"Rydex Dynamic Fds, Nasdaq - 100 2x Strategy Fd Cl H"
RYCCX,Rydex NASDAQ-100 2x Strategy Fund Class C
FGHMX,Fidelity Advisor Communication Services Class C
FGJMX,Fidelity Select Communication Services Portfolio
FGDMX,Fidelity Select Communication Services Portfolio
FGKMX,Fidelity Advisor Communication Services Fund Class Z
FGEMX,Fidelity Advisor Communication Services Class M
FBMPX,Fidelity Select Communication Services Portfolio
MISMX,Matthews Emerging Markets Small Companies Fund
MSMLX,Matthews Emerging Markets Small Companies Fund
LMIYX,Lord Abbett Micro Cap Growth Fund
LFMGX,Lord Abbett Micro Cap Growth Fund
LCMGX,Lord Abbett Micro Cap Growth Fund
MIMFX,AMG Veritas China Fund
MMCFX,AMG Veritas China Fund
BLUEX,AMG Veritas Global Real Return Fund
CIVIX,Causeway International Value Fund
CIVVX,Causeway International Value Fund
JFNSX,Janus Henderson Global Life Sciences Fund
DODFX,Dodge & Cox International Stock Fund - Class I
JAGLX,Janus Henderson Global Life Sciences Fund
JFNAX,Janus Henderson Global Life Sciences Fund Class A
JFNNX,Janus Henderson Global Life Sciences Fund Class N Shares
JNGLX,Janus Henderson Global Life Sciences Fund
JFNIX,Janus Henderson Global Life Sciences Fund
JFNCX,Janus Henderson Global Life Sciences Fund Class C
BRUSX,Bridgeway Ultra Small Company Fund
GQLIX,GMO Quality Fund
GQESX,GMO Quality Fund
INPSX,ProFunds Internet UltraSector Fund
PUREX,PGIM Global Real Estate Fund
GQETX,GMO Quality Fund Class III
GQLOX,GMO Quality Fund Class VI
PURGX,PGIM Global Real Estate Fund
PURZX,PGIM Global Real Estate Fund
GQEFX,GMO Quality Fund Class IV
INPIX,"Internet UltraSector ProFund, Investor Class"
PSGAX,Virtus KAR Small-Cap Growth Fund
TEUIX,T. Rowe Price European Stock Fund
PXSGX,Virtus KAR Small-Cap Growth Fund I
PRESX,T. Rowe Price European Stock Fd
PSGCX,Virtus KAR Small-Cap Growth Fund Class C
VRSGX,Virtus KAR Small-Cap Growth Fund
PURCX,PGIM Global Real Estate Fund
VGSAX,Virtus Duff & Phelps Global Real Estate Securities Fund
FSCSX,Software and IT Services Portfolio
FOCKX,Fidelity OTC Portfolio
FUGCX,Fidelity Advisor Utilities Fund Class C
VGISX,Virtus Duff & Phelps Global Real Estate Securities Fund
VRGEX,Virtus Duff & Phelps Global Real Estate Securities Fund
FSUTX,Fidelity Select Utilities Growth Portfolio
PURRX,PGIM Global Real Estate Fund Class R
VGSCX,Virtus Duff & Phelps Global Real Estate Securities Fund C
FIKIX,Fidelity Advisor Utilities Fund Class Z
FUGIX,Fidelity Advisor Utilities Fund
FNCMX,Fidelity NASDAQ Composite Index
PURAX,PGIM Global Real Estate Fund
TRZPX,T. Rowe Price European Stock Fund
PGRQX,PGIM Global Real Estate Fund
FUGAX,Fidelity Advisor Utilities Fund
FAUFX,Fidelity Advisor Utilities Fund
VHCAX,Vanguard Capital Opportunity Fund
VHCOX,"Vanguard Horizon Fund, Vanguard Capital Opportunity Fund"
USBOX,Pear Tree Quality Fund
URNQX,USAA Nasdaq 100 Index Fund R6 Shares
UINQX,USAA Nasdaq 100 Index Fund Institutional Shares
PHRIX,Virtus Duff & Phelps Real Estate Securities Fund I
PHRAX,Virtus Duff & Phelps Real Estate Securities Fund
RYHOX,Rydex NASDAQ-100 Fund
UCNQX,USAA Nasdaq 100 Index Fund C Shares
VRREX,Virtus Duff & Phelps Real Estate Securities Fund
TFIFX,T. Rowe Price Financial Services Fund
PRISX,"T. Rowe Price Financial Services Fund, Inc."
RYOCX,Rydex NASDAQ-100 Fund
OTPIX,ProFunds NASDAQ-100 Fund
UANQX,USAA Nasdaq 100 Index Fund
QGIAX,Pear Tree Quality Fund Institutional Shares
USNQX,USAA Nasdaq 100 Index Fund
OTPSX,ProFunds NASDAQ-100 Fund
RYATX,"Rydex Series Fds, Nasdaq-100 Fund Class A"
FRESX,Fidelity Real Estate Investment Portfolio
NWKCX,Nationwide Geneva Small Cap Growth Fund
NWHZX,Nationwide Geneva Small Cap Growth Fund
RYCOX,Rydex NASDAQ-100 Fund
FAGCX,Fidelity Advisor Growth Opportunities Fund
NWKDX,Nationwide Geneva Small Cap Growth Fund
FAGOX,Fidelity Advisor Growth Opportunities Fund Class M
BIOPX,Baron Opportunity Fund
NWKBX,Nationwide Geneva Small Cap Growth Fund
BIECX,Brandes International Equity Fund
FZAHX,Fidelity Advisor Growth Opportunities Fund
FACGX,Fidelity Advisor Growth Opportunities Fund
FXAIX,Fidelity 500 Index Fund
CLBAX,American Funds American Balanced Fund Class 529-A
RLBBX,American Funds American Balanced Fund
BALCX,American Funds American Balanced Fund
FBAFX,American Funds American Balanced Fund
FBONX,American Funds American Balanced Fund
RLBAX,American Funds American Balanced Fund
CLBCX,American Funds American Balanced Fund
RLBFX,American Funds American Balanced Fund Class R-5
AMBFX,American Balanced Fund
ABALX,American Funds American Balanced Fund Class A
BALFX,American Funds American Balanced Fund
RLBCX,American Funds American Balanced Fund Class R-3
CLBEX,American Funds American Balanced Fund Class 529-E
RLEFX,American Funds American Balanced Fund
RLBGX,American Funds American Balanced Fund Class R-6
RLBEX,American Funds American Balanced Fund
CLBFX,American Funds American Balanced Fund Class 529-F
RAMHX,American Funds American Balanced Fund Class R-2E
AFMBX,American Funds American Balanced Fund
CIREX,American Funds Capital Income Builder Class 529-E
CAIBX,American Funds Capital Income Builder Class A
RIRHX,American Funds Capital Income Builder
RIRBX,American Funds Capital Income Builder Class R-2
RIRCX,American Funds Capital Income Builder Class R-3
CAIFX,American Funds Capital Income Builder
CIRFX,American Funds Capital Income Builder
FBCIX,American Funds Capital Income Builder
RIREX,American Funds Capital Income Builder Class R-4
RIRAX,American Funds Capital Income Builder
CIBCX,American Funds Capital Income Builder Class C
CIBFX,American Funds Capital Income Builder
RIRFX,American Funds Capital Income Builder
FWCBX,American Funds Capital Income Builder
CFIHX,American Funds Capital Income Builder
RIRGX,American Funds Capital Income Builder
CIRCX,Capital Income Builder Class 529-C Shares
RCEEX,American Funds Capital Income Builder Class R-2E
CIRAX,American Funds Capital Income Builder Class 529-A
DODGX,Dodge & Cox Stock Fund - Class I
CFAEX,American Funds The Bond Fund of America
BFAFX,American Funds The Bond Fund of America Class F-1
BFFAX,American Funds The Bond Fund of America Class F-3
ABNFX,American Funds The Bond Fund of America Class F-2
CFAFX,American Funds The Bond Fund of America
RBFEX,American Funds The Bond Fund of America Class R-4
RBFFX,American Funds The Bond Fund of America Class R-5
CFAAX,American Funds The Bond Fund of America Class 529-A
RBFGX,American Funds The Bond Fund of America Class R-6
CFACX,American Funds The Bond Fund of America
FFBOX,American Funds The Bond Fund of America
RBEBX,American Funds The Bond Fund of America Class R-2E
RBFAX,American Funds The Bond Fund of America Class R-1
RBFBX,American Funds The Bond Fund of America Class R-2
RBFCX,American Funds The Bond Fund of America Class R-3
ABNDX,American Funds The Bond Fund of America Class A
FBOFX,American Funds The Bond Fund of America
BFACX,American Funds The Bond Fund of America Class C
RBFHX,American Funds The Bond Fund of America Class R-5E
DODIX,Dodge & Cox Income Fund
VWINX,Vanguard Wellesley Income Fund
VWIAX,Vanguard Wellesley Income Fund Admiral Shares
CNWEX,American Funds New World Fund Class 529-E
RNWCX,American Funds New World Fund
RNWFX,American Funds New World Fund Class R-5
CNWAX,American Funds New World Fund Class 529-A
RNWBX,American Funds New World Fund
FWWNX,American Funds New World Fund
CNWCX,American Funds New World Fund Class 529-C
RNEBX,American Funds New World Fund
RNWAX,American Funds New World Fund
FNFWX,American Funds New World Fund
CNWFX,American Funds New World Fund Class 529-F
FNWFX,American Funds New World Fund
NFFFX,American Funds New World Fund
NEWFX,American Funds New World Fund Class A
RNWEX,American Funds - New World Fund Inc Class R-4 Shares
NWFFX,American Funds New World Fund Class F-1
RNWHX,American Funds New World Fund Class R-5E
NEWCX,American Funds New World Fund Class C
RNWGX,American Funds New World Fund Class R-6
TRAIX,T. Rowe Price Capital Appreciation Fund
PACLX,T. Rowe Price Capital Appreciation Fund
PRWCX,T. Rowe Price Capital Appreciation Fund
FRGLX,First Eagle Global Fund Class R5
EAGRX,First Eagle Global Fund Class R4
FESGX,First Eagle Global Fund Class C
FEGRX,First Eagle Global Fund Class R6
SGENX,First Eagle Global Fund
EARGX,First Eagle Global Fund Class R3
SGIIX,First Eagle Global Fund
JLGRX,JPMorgan Large Cap Growth Fund
OLGAX,JPMorgan Large Cap Growth Fund
JLGZX,JPMorgan Large Cap Growth Fund
OLGCX,JPMorgan Large Cap Growth Fund Class C
JLGPX,JPMorgan Large Cap Growth Fund
JLGMX,JPMorgan Large Cap Growth Fund
JLGQX,JPMorgan Large Cap Growth Fund
SEEGX,JPMorgan Large Cap Growth Fund I Class
FDGRX,Fidelity Growth Company Fund
ITUB,Itaú Unibanco Holding S.A.
FCX,Freeport-McMoRan Inc.
PBR,Petróleo Brasileiro S.A. - Petrobras
UAL,"United Airlines Holdings, Inc."
VALE,Vale S.A.
MRO,Marathon Oil Corporation
OXY,Occidental Petroleum Corporation
GM,General Motors Company
HBAN,Huntington Bancshares Incorporated
UMC,United Microelectronics Corporation
KMI,"Kinder Morgan, Inc."
ET,Energy Transfer LP
DAL,"Delta Air Lines, Inc."
HST,"Host Hotels & Resorts, Inc."
DVN,Devon Energy Corporation
CVE,Cenovus Energy Inc.
APA,APA Corporation
PBR-A,Petróleo Brasileiro S.A. - Petrobras
LYG,Lloyds Banking Group plc
SUZ,Suzano S.A.
GFI,Gold Fields Limited
HPQ,HP Inc.
HAL,Halliburton Company
EQT,EQT Corporation
SCHW,The Charles Schwab Corporation
RF,Regions Financial Corporation
DOW,Dow Inc.
VTRS,Viatris Inc.
BNTX,BioNTech SE
MT,ArcelorMittal S.A.
MPC,Marathon Petroleum Corporation
BTI,British American Tobacco p.l.c.
CNP,"CenterPoint Energy, Inc."
ON,ON Semiconductor Corporation
ERIC,Telefonaktiebolaget LM Ericsson (publ)
AIG,"American International Group, Inc."
TFC,Truist Financial Corporation
VLO,Valero Energy Corporation
MGM,MGM Resorts International
ING,ING Groep N.V.
SYF,Synchrony Financial
NUE,Nucor Corporation
NI,NiSource Inc.
EOG,"EOG Resources, Inc."
CNHI,CNH Industrial N.V.
VOD,Vodafone Group Public Limited Company
TS,Tenaris S.A.
ASX,"ASE Technology Holding Co., Ltd."
IBN,ICICI Bank Limited
STLA,Stellantis N.V.
FANG,"Diamondback Energy, Inc."
EQNR,Equinor ASA
PSX,Phillips 66
BCS,Barclays PLC
IP,International Paper Company
PXD,Pioneer Natural Resources Company
SAN,"Banco Santander, S.A."
COF,Capital One Financial Corporation
PHM,"PulteGroup, Inc."
DHI,"D.R. Horton, Inc."
TEF,"Telefónica, S.A."
FOXA,Fox Corporation
ALLY,Ally Financial Inc.
ADM,Archer-Daniels-Midland Company
BLDR,"Builders FirstSource, Inc."
DFS,Discover Financial Services
BEN,"Franklin Resources, Inc."
ACGL,Arch Capital Group Ltd.
OKE,"ONEOK, Inc."
HES,Hess Corporation
CF,"CF Industries Holdings, Inc."
ACI,"Albertsons Companies, Inc."
BBVA,"Banco Bilbao Vizcaya Argentaria, S.A."
MOS,The Mosaic Company
HIG,"The Hartford Financial Services Group, Inc."
MTB,M&T Bank Corporation
BBY,"Best Buy Co., Inc."
CHK,Chesapeake Energy Corporation
TRGP,Targa Resources Corp.
CI,The Cigna Group
SWKS,"Skyworks Solutions, Inc."
STLD,"Steel Dynamics, Inc."
LEN,Lennar Corporation
PNC,"The PNC Financial Services Group, Inc."
LKQ,LKQ Corporation
DGX,Quest Diagnostics Incorporated
TROW,"T. Rowe Price Group, Inc."
BG,Bunge Limited
NTR,Nutrien Ltd.
CG,The Carlyle Group Inc.
SQM,Sociedad Química y Minera de Chile S.A.
RJF,"Raymond James Financial, Inc."
ALB,Albemarle Corporation
CB,Chubb Limited
JBL,Jabil Inc.
BWA,BorgWarner Inc.
NWG,NatWest Group plc
EC,Ecopetrol S.A.
FOX,Fox Corporation
L,Loews Corporation
RLT=F,BTIC on E-mini Russell 2000 Ind
F*RLT.CME,BTIC on E-mini Russell 2000 Ind
RLTM23.CME,BTIC on E-mini Russell 2000 Ind
LEJ23.CME,"Live Cattle Futures,Apr-2023"
6NM23.CME,"New Zealand Dollar Futures,Jun-"
F*6N.CME,"New Zealand Dollar Futures,Jun-"
GFJ23.CME,"Feeder Cattle Futures,Apr-2023"
6N=F,"New Zealand Dollar Futures,Jun-"
GFU23.CME,"Feeder Cattle Futures,Sep-2023"
LEM23.CME,"Live Cattle Futures,Jun-2023"
F*LE.CME,"Live Cattle Futures,Jun-2023"
LE=F,"Live Cattle Futures,Jun-2023"
LEQ23.CME,"Live Cattle Futures,Aug-2023"
GFK23.CME,"Feeder Cattle Futures,May-2023"
GF=F,"Feeder Cattle Futures,May-2023"
F*GF.CME,"Feeder Cattle Futures,May-2023"
LEV23.CME,"Live Cattle Futures,Oct-2023"
GFQ23.CME,"Feeder Cattle Futures,Aug-2023"
6J=F,"Japanese Yen Futures,Jun-2023"
6JM23.CME,"Japanese Yen Futures,Jun-2023"
SR3F23.CME,"Three-Month SOFR Futures,Jan-20"
F*NQT.CME,"BTIC E-mini Nasdaq-100 Futures,"
F*ESR.CME,EURO SHORT-TERM RATE (?STR) FUT
ESR=F,EURO SHORT-TERM RATE (?STR) FUT
SEDU23.CME,SED Future SEP 2023 Trading Ses
SDA=F,S&P 500 Annual Dividend Index F
F*SDA.CME,S&P 500 Annual Dividend Index F
HEV23.CME,"Lean Hogs Futures,Oct-2023"
HEQ23.CME,"Lean Hogs Futures,Aug-2023"
F*SED.CME,SED Future SEP 2023 Trading Ses
NQTM23.CME,"BTIC E-mini Nasdaq-100 Futures,"
SED=F,SED Future SEP 2023 Trading Ses
LETM23.CME,"Live Cattle TAS Futures,Jun-202"
ESRF23.CME,EURO SHORT-TERM RATE (?STR) FUT
SDAZ23.CME,S&P 500 Annual Dividend Index F
F*LET.CME,"Live Cattle TAS Futures,Jun-202"
LET=F,"Live Cattle TAS Futures,Jun-202"
NQT=F,"BTIC E-mini Nasdaq-100 Futures,"
F*6J.CME,"Japanese Yen Futures,Jun-2023"
SR3G23.CME,"Three-Month SOFR Futures,Feb-20"
F*SR1.CME,"One-Month SOFR Futures,May-2023"
SR1K23.CME,"One-Month SOFR Futures,May-2023"
SR3H23.CME,"Three-Month SOFR Futures,Mar-20"
SR1=F,"One-Month SOFR Futures,May-2023"
F*GE.CME,"Eurodollar Futures,Apr-2023"
LEZ23.CME,"Live Cattle Futures,Dec-2023"
GEK23.CME,"Eurodollar Futures,May-2023"
SR3M23.CME,"Three-Month SOFR Futures,Jun-20"
SR3=F,"Three-Month SOFR Futures,Jun-20"
F*SR3.CME,"Three-Month SOFR Futures,Jun-20"
HEN23.CME,"Lean Hogs Futures,Jul-2023"
SR3M26.CME,"Three-Month SOFR Futures,Jun-20"
SR3Z26.CME,"Three-Month SOFR Futures,Dec-20"
SR3H27.CME,"Three-Month SOFR Futures,Mar-20"
SR3U23.CME,"Three-Month SOFR Futures,Sep-20"
SR1Q23.CME,"One-Month SOFR Futures,Aug-2023"
SR1N23.CME,"One-Month SOFR Futures,Jul-2023"
GE=F,"Eurodollar Futures,Apr-2023"
XAE=F,E-mini Energy Select Sector Fut
F*XAE.CME,E-mini Energy Select Sector Fut
XAEM23.CME,E-mini Energy Select Sector Fut
SR3H26.CME,"Three-Month SOFR Futures,Mar-20"
SR3Z25.CME,"Three-Month SOFR Futures,Dec-20"
SR3U25.CME,"Three-Month SOFR Futures,Sep-20"
SR3Z23.CME,"Three-Month SOFR Futures,Dec-20"
GEM23.CME,"Eurodollar Futures,Jun-2023"
SR3M25.CME,"Three-Month SOFR Futures,Jun-20"
SR3M24.CME,"Three-Month SOFR Futures,Jun-20"
SR3H24.CME,"Three-Month SOFR Futures,Mar-20"
LEJ24.CME,"Live Cattle Futures,Apr-2024"
SR3H25.CME,"Three-Month SOFR Futures,Mar-20"
SR3U24.CME,"Three-Month SOFR Futures,Sep-20"
SR3Z24.CME,"Three-Month SOFR Futures,Dec-20"
LEG24.CME,"Live Cattle Futures,Feb-2024"
6SM23.CME,"Swiss Franc Futures,Jun-2023"
6S=F,"Swiss Franc Futures,Jun-2023"
6AM23.CME,"Australian Dollar Futures,Jun-2"
F*HE.CME,"Lean Hogs Futures,Apr-2023"
HEM23.CME,"Lean Hogs Futures,Jun-2023"
F*6A.CME,"Australian Dollar Futures,Jun-2"
F*6S.CME,"Swiss Franc Futures,Jun-2023"
HEZ23.CME,"Lean Hogs Futures,Dec-2023"
F*M6A.CME,"Micro AUD/USD Futures,Jun-2023"
6A=F,"Australian Dollar Futures,Jun-2"
M6AM23.CME,"Micro AUD/USD Futures,Jun-2023"
M6A=F,"Micro AUD/USD Futures,Jun-2023"
6M=F,"Mexican Peso Futures,Jun-2023"
6MM23.CME,"Mexican Peso Futures,Jun-2023"
F*MNQ.CME,Micro E-mini Nasdaq-100 Index F
MNQ=F,Micro E-mini Nasdaq-100 Index F
ESM23.CME,E-Mini S&P 500 Jun 23
NQ=F,Nasdaq 100 Jun 23
MNQM23.CME,Micro E-mini Nasdaq-100 Index F
NQM23.CME,Nasdaq 100 Jun 23
F*NQ.CME,Nasdaq 100 Jun 23
F*M6E.CME,"Micro EUR/USD Futures,Jun-2023"
ES=F,E-Mini S&P 500 Jun 23
MESM23.CME,MICRO E-MINI S&P 500 INDEX FUTU
F*MES.CME,MICRO E-MINI S&P 500 INDEX FUTU
MES=F,MICRO E-MINI S&P 500 INDEX FUTU
QQQ,Invesco QQQ Trust
VTIP,Vanguard Short-Term Inflation-Protected Securities Index Fund
VCSH,Vanguard Short-Term Corporate Bond Index Fund
VCIT,Vanguard Intermediate-Term Corporate Bond Index Fund
IEF,iShares 7-10 Year Treasury Bond ETF
MBB,iShares MBS ETF
VGSH,Vanguard Short-Term Treasury Index Fund
IGSB,iShares 1-5 Year Investment Grade Corporate Bond ETF
DVY,iShares Select Dividend ETF
VGIT,Vanguard Intermediate-Term Treasury Index Fund
VMBS,Vanguard Mortgage-Backed Securities Index Fund
ESGU,iShares ESG Aware MSCI USA ETF
VONG,Vanguard Russell 1000 Growth Index Fund
IUSV,iShares Core S&P U.S. Value ETF
IUSG,iShares Core S&P U.S. Growth ETF
IEI,iShares 3-7 Year Treasury Bond ETF
FTCS,First Trust Capital Strength ETF
DGRW,WisdomTree U.S. Quality Dividend Growth Fund
SMH,VanEck Semiconductor ETF
RDVY,First Trust Rising Dividend Achievers ETF
SOXX,iShares Semiconductor ETF
ESGD,iShares ESG Aware MSCI EAFE ETF
VYMI,Vanguard International High Dividend Yield Fund
PDBC,Invesco Optimum Yield Diversified Commodity Strategy No K-1 ETF
VONE,Vanguard Russell 1000 Index Fund
CIBR,First Trust NASDAQ Cybersecurity ETF
LMBS,First Trust Low Duration Opportunities ETF
ONEQ,Fidelity Nasdaq Composite Index ETF
EMXC,iShares MSCI Emerging Markets ex China ETF
FV,First Trust Dorsey Wright Focus 5 ETF
SLQD,iShares 0-5 Year Investment Grade Corporate Bond ETF
ANGL,VanEck Fallen Angel High Yield Bond ETF
FTSL,First Trust Senior Loan Fund
PRFZ,Invesco FTSE RAFI US 1500 Small-Mid ETF
CDC,VictoryShares US EQ Income Enhanced Volatility Wtd ETF
PHO,Invesco Water Resources ETF
FALN,iShares Fallen Angels USD Bond ETF
PEY,Invesco High Yield Equity Dividend Achievers ETF
QQEW,First Trust NASDAQ-100 Equal Weighted Index Fund
UITB,VictoryShares USAA Core Intermediate-Term Bond ETF
SDVY,First Trust SMID Cap Rising Dividend Achievers ETF
PID,Invesco International Dividend Achievers ETF
PKW,Invesco BuyBack Achievers ETF
FTXL,First Trust Nasdaq Semiconductor ETF
FNX,First Trust Mid Cap Core AlphaDEX Fund
SUSB,iShares ESG 1-5 Year USD Corporate Bond ETF
FYX,First Trust Small Cap Core AlphaDEX Fund
PTNQ,Pacer Trendpilot 100 ETF
PLW,Invesco 1-30 Laddered Treasury ETF
QQQE,Direxion NASDAQ-100 Equal Weighted Index Shares
DWAS,Invesco DWA SmallCap Momentum ETF
VRIG,Invesco Variable Rate Investment Grade ETF
IMCV,iShares Morningstar Mid-Cap Value ETF
USTB,VictoryShares USAA Core Short-Term Bond ETF
BSJP,Invesco BulletShares 2025 High Yield Corporate Bond ETF
SDG,iShares MSCI Global Impact ETF
CSB,VictoryShares US Small Cap High Div Volatility Wtd ETF
CDL,VictoryShares US Large Cap High Div Volatility Wtd ETF
KBWP,Invesco KBW Property & Casualty Insurance ETF
AIRR,First Trust RBA American Industrial RenaissanceTM ETF
PSCT,Invesco S&P SmallCap Information Technology ETF
FTXN,First Trust Nasdaq Oil & Gas ETF
FEMS,First Trust Emerging Markets Small Cap AlphaDEX Fund
TUR,iShares MSCI Turkey ETF
PTF,Invesco DWA Technology Momentum ETF
SKOR,FlexShares Credit-Scored US Corporate Bond Index Fund
VSDA,VictoryShares Dividend Accelerator ETF
EWJV,iShares MSCI Japan Value ETF
PSC,Principal U.S. Small-Cap Multi-Factor ETF
FYT,First Trust Small Cap Value AlphaDEX Fund
PTH,Invesco DWA Healthcare Momentum ETF
IUS,Invesco RAFI Strategic US ETF
HYZD,WisdomTree Interest Rate Hedged High Yield Bond Fund
QQXT,First Trust NASDAQ-100 Ex-Technology Sector Index Fund
RTH,VanEck Retail ETF
DALI,First Trust Dorsey Wright DALI 1 ETF
PRN,Invesco DWA Industrials Momentum ETF
FCAL,First Trust California Municipal High Income ETF
ADRE,Invesco BLDRS Emerging Markets 50 ADR Index Fund
NFTY,First Trust India NIFTY 50 Equal Weight ETF
IPKW,Invesco International BuyBack Achievers ETF
FLN,First Trust Latin America AlphaDEX Fund
BLCN,Siren Nasdaq NexGen Economy ETF
PSCI,Invesco S&P SmallCap Industrials ETF
PSCC,Invesco S&P SmallCap Consumer Staples ETF
ISDX,Invesco RAFI Strategic Developed ex-US ETF
EMCB,WisdomTree Emerging Markets Corporate Bond Fund
IUSS,Invesco RAFI Strategic US Small Company ETF
PSET,Principal Quality ETF
BSDE,Invesco BulletShares (R) 2024 Emerging Markets Debt ETF
PSCD,Invesco S&P SmallCap Consumer Discretionary ETF
RNSC,First Trust Small Cap US Equity Select ETF
CSA,VictoryShares US Small Cap Volatility Wtd ETF
BSCE,Invesco BulletShares (R) 2023 USD Emerging Markets Debt ETF
RNDV,First Trust US Equity Dividend Select ETF
SQLV,Royce Quant Small-Cap Quality Value ETF
DXJS,WisdomTree Japan Hedged SmallCap Equity Fund
BFIT,Global X Health & Wellness ETF
ISEM,Invesco RAFI Strategic Emerging Markets ETF
MFLX,First Trust Flexible Municipal High Income ETF
PFE,Pfizer Inc.
XOM,Exxon Mobil Corporation
COP,ConocoPhillips
CVX,Chevron Corporation
BTU,Peabody Energy Corporation
DVAX,Dynavax Technologies Corporation
JWN,"Nordstrom, Inc."
RRC,Range Resources Corporation
BHP,BHP Group Limited
ALSN,"Allison Transmission Holdings, Inc."
MPW,"Medical Properties Trust, Inc."
TTE,TotalEnergies SE
ERF,Enerplus Corporation
PBF,PBF Energy Inc.
ENLC,"EnLink Midstream, LLC"
UNM,Unum Group
UL,Unilever PLC
OVV,Ovintiv Inc.
CHS,"Chico's FAS, Inc."
MGY,Magnolia Oil & Gas Corporation
SNY,Sanofi
GEO,"The GEO Group, Inc."
PAGP,"Plains GP Holdings, L.P."
PDCE,"PDC Energy, Inc."
TTMI,"TTM Technologies, Inc."
TGNA,TEGNA Inc.
SM,SM Energy Company
CPE,Callon Petroleum Company
CAR,"Avis Budget Group, Inc."
DE,Deere & Company
CPRI,Capri Holdings Limited
TEX,Terex Corporation
SBS,Companhia de Saneamento Básico do Estado de São Paulo - SABESP
BRX,Brixmor Property Group Inc.
BDN,Brandywine Realty Trust
GPK,Graphic Packaging Holding Company
SAND,Sandstorm Gold Ltd.
CCRN,"Cross Country Healthcare, Inc."
LC,LendingClub Corporation
MTDR,Matador Resources Company
YPF,YPF Sociedad Anónima
CVI,"CVR Energy, Inc."
MP,MP Materials Corp.
UGP,Ultrapar Participações S.A.
AN,"AutoNation, Inc."
AXL,"American Axle & Manufacturing Holdings, Inc."
AIRC,Apartment Income REIT Corp.
TPH,"Tri Pointe Homes, Inc."
HCC,"Warrior Met Coal, Inc."
LADR,Ladder Capital Corp
SD,"SandRidge Energy, Inc."
CHTR,"Charter Communications, Inc."
METC,"Ramaco Resources, Inc."
AVT,"Avnet, Inc."
GSL,"Global Ship Lease, Inc."
FSPSX,Fidelity International Index Fund
GSIQX,Goldman Sachs GQG Partners International Opportunities Fund
GSIYX,Goldman Sachs GQG Partners International Opportunities Fund Class R6 Shares
GGIPX,Goldman Sachs GQG Partners International Opportunities Fund
GSIMX,Goldman Sachs GQG Partners International Opportunities Fund
GSIHX,Goldman Sachs GQG Partners International Opportunities Fund Class A
GSILX,Goldman Sachs GQG Partners International Opportunities Fund
GSINX,Goldman Sachs GQG Partners International Opportunities Fund
MINGX,MFS International Intrinsic Value Fund Class R3
MINRX,MFS International Intrinsic Value Fund Class R1
MINHX,MFS International Intrinsic Value Fund Class R4
MINIX,MFS International Intrinsic Value Fund
MGICX,MFS International Intrinsic Value Fund Class C
MGIAX,MFS International Intrinsic Value Fund
MINJX,MFS International Intrinsic Value Fund
MINFX,MFS International Intrinsic Value Fund Class R2
MGIBX,MFS International Intrinsic Value Fund Class B
MGRAX,MFS International Growth Fund
MGRQX,MFS International Growth Fund
MGRBX,MFS International Growth Fund Class B
MGRCX,MFS International Growth Fund Class C
MGRVX,MFS International Growth Fund Class R4
MGRTX,MFS International Growth Fund
MGRRX,MFS International Growth Fund Class R1
MQGIX,MFS International Growth Fund
MGRDX,MFS International Growth Fund Class R6
FIGSX,Fidelity Series International Growth Fund
VIHAX,Vanguard International High Dividend Yield Fund
HFQRX,Janus Henderson Global Equity Income Fund - N Shares
HFQCX,Janus Henderson Global Equity Income Fund
HFQIX,Janus Henderson Global Equity Income Fund
HFQTX,Janus Henderson Global Equity Income Fund
HFQDX,Janus Henderson Global Equity Income Fund
HFQSX,Janus Henderson Global Equity Income Fund
HFQAX,Janus Henderson Global Equity Income Fund
TBGVX,"Tweedy, Browne International Value Fund"
DISCX,BNY Mellon International Stock Fund Class C
DISAX,BNY Mellon International Stock Fund
DISYX,BNY Mellon International Stock Fund Class Y
DISRX,BNY Mellon International Stock Fund
ARTJX,Artisan International Small-Mid Fund
APHJX,Artisan International Small-Mid Fund
APDJX,Artisan International Small-Mid Fund
FITGX,Fidelity Advisor International Growth Fund Class M
FZAJX,Fidelity International Growth Fund
FIGCX,Fidelity Advisor International Growth Fund Class C
FIIIX,Fidelity International Growth Fund
FIAGX,Fidelity Advisor International Growth Fund Class A
FIGFX,Fidelity International Growth Fund
FSTSX,Fidelity Series International Small Cap Fund
FMIYX,FMI International Fund Institutional Class
FMIJX,FMI International Fund
FISMX,Fidelity International Small Cap Fund
FIXIX,Fidelity International Small Cap Fund
FIASX,Fidelity International Small Cap Fund
FICSX,Fidelity Advisor International Small Cap Fund Class C
FIQIX,Fidelity International Small Cap Fund
FTISX,Fidelity Advisor International Small Cap Fund Class M
FIONX,Fidelity SAI International Index Fund
GICCX,Goldman Sachs International Small Cap Insights Fund Class C
GIRLX,Goldman Sachs International Small Cap Insights Fund
GICAX,Goldman Sachs Intl Small Cap Insights Fd Cl A
GGDPX,Goldman Sachs International Small Cap Insights Fund Class P
GICUX,Goldman Sachs International Small Cap Insights Fund Class R6
GICIX,Goldman Sachs International Small Cap Insights Fund
JDIVX,John Hancock Disciplined Value International Fund
JDICX,John Hancock Disciplined Value International Fund
JDIBX,John Hancock Disciplined Value International Fund
JDITX,John Hancock Disciplined Value International Fund
JDVIX,John Hancock Disciplined Value International Fund
JDISX,John Hancock Disciplined Value International Fund Class R2
JDIUX,John Hancock Disciplined Value International Fund
BBHLX,BBH Partner Fund - International Equity
KGGIX,Kopernik Global All-Cap Fund- Institutional Class
KGGAX,Kopernik Global All-Cap Fund
SFNNX,Schwab Fundamental International Large Company Index Fund
FIENX,Fidelity International Enhanced Index Fund
TSOEX,TIAA-CREF Social Choice International Equity Fund
TSOPX,TIAA-CREF Social Choice International Equity Fund
TSOHX,TIAA-CREF Social Choice International Equity Fund - Advisor
TSORX,TIAA-CREF Social Choice International Equity Fund
TSONX,TIAA-CREF Social Choice International Equity Fund
RIVKX,American Funds International Vantage Fund Class R-4
CIVAX,American Funds International Vantage Fund
RIVGX,American Funds International Vantage Fund Class R-6
RIVLX,American Funds International Vantage Fund
AIVGX,American Funds International Vantage Fund
CIVHX,American Funds International Vantage Fund
RIVHX,American Funds International Vantage Fund Class R-2E
AIVEX,American Funds International Vantage Fund
CIVCX,American Funds International Vantage Fund Class 529-E
CIVKX,American Funds International Vantage Fund
RIVAX,American Funds International Vantage Fund Class R-1
AIVCX,American Funds International Vantage Fund
RIVJX,American Funds International Vantage Fund Class R-5E
RIVDX,American Funds International Vantage Fund
AIVFX,American Funds International Vantage Fund
AIVBX,American Funds International Vantage Fund
CIVGX,American Funds International Vantage Fund
CIVBX,American Funds International Vantage Fund Class 529-C
JPM,JPMorgan Chase & Co.
TM,Toyota Motor Corporation
HSBC,HSBC Holdings plc
INTC,Intel Corporation
QCOM,QUALCOMM Incorporated
C,Citigroup Inc.
RIO,Rio Tinto Group
NGG,National Grid plc
E,Eni S.p.A.
HMC,"Honda Motor Co., Ltd."
MFG,"Mizuho Financial Group, Inc."
CRH,CRH plc
ORAN,Orange S.A.
AMP,"Ameriprise Financial, Inc."
LEN-B,Lennar Corporation
TLK,Perusahaan Perseroan (Persero) PT Telekomunikasi Indonesia Tbk
FERG,Ferguson plc
URI,"United Rentals, Inc."
RYAAY,Ryanair Holdings plc
PKX,POSCO Holdings Inc.
LH,Laboratory Corporation of America Holdings
IX,ORIX Corporation
CTRA,Coterra Energy Inc.
ELP,Companhia Paranaense de Energia - COPEL
TSLA,"Tesla, Inc."
AMC,"AMC Entertainment Holdings, Inc."
AI,"C3.ai, Inc."
GOOGL,Alphabet Inc.
AMD,"Advanced Micro Devices, Inc."
AAPL,Apple Inc.
AUY,Yamana Gold Inc.
BAC,Bank of America Corporation
APE,"AMC Entertainment Holdings, Inc."
NVDA,NVIDIA Corporation
AMZN,"Amazon.com, Inc."
F,Ford Motor Company
GOOG,Alphabet Inc.
PLUG,Plug Power Inc.
MSFT,Microsoft Corporation
T,AT&T Inc.
CCL,Carnival Corporation & plc
BABA,Alibaba Group Holding Limited
META,"Meta Platforms, Inc."
SOFI,"SoFi Technologies, Inc."
PLTR,Palantir Technologies Inc.
WFC,Wells Fargo & Company
FRC,First Republic Bank
NIO,NIO Inc.
BBD,Banco Bradesco S.A.
WBD,"Warner Bros. Discovery, Inc."
VZ,Verizon Communications Inc.
MU,"Micron Technology, Inc."
DNA,"Ginkgo Bioworks Holdings, Inc."
KEY,KeyCorp
LEVI,Levi Strauss & Co.
ABEV,Ambev S.A.
GOLD,Barrick Gold Corporation
CMCSA,Comcast Corporation
GRAB,Grab Holdings Limited
CSX,CSX Corporation
SNAP,Snap Inc.
RIVN,"Rivian Automotive, Inc."
CSCO,"Cisco Systems, Inc."
ABNB,"Airbnb, Inc."
AAL,American Airlines Group Inc.
LUMN,"Lumen Technologies, Inc."
SWN,Southwestern Energy Company
KGC,Kinross Gold Corporation
USB,U.S. Bancorp
SHOP,Shopify Inc.
RIG,Transocean Ltd.
COIN,"Coinbase Global, Inc."
NYCB,"New York Community Bancorp, Inc."
SQ,"Block, Inc."
LYFT,"Lyft, Inc."
PCG,PG&E Corporation
LU,Lufax Holding Ltd
NOK,Nokia Oyj
LAZR,"Luminar Technologies, Inc."
NCLH,Norwegian Cruise Line Holdings Ltd.
BMY,Bristol-Myers Squibb Company
KO,The Coca-Cola Company
BSX,Boston Scientific Corporation
RLX,RLX Technology Inc.
M,"Macy's, Inc."
ETRN,Equitrans Midstream Corporation
CS,Credit Suisse Group AG
CHWRF,China Tower Corporation Limited
AMCR,Amcor plc
SIRI,Sirius XM Holdings Inc.
AFRM,"Affirm Holdings, Inc."
TECK,Teck Resources Limited
PINS,"Pinterest, Inc."
DISH,DISH Network Corporation
ROKU,"Roku, Inc."
ORCL,Oracle Corporation
CLF,Cleveland-Cliffs Inc.
DEA,"Easterly Government Properties, Inc."
BP,BP p.l.c.
S,"SentinelOne, Inc."
CHPT,"ChargePoint Holdings, Inc."
RUN,Sunrun Inc.
KDP,Keurig Dr Pepper Inc.
HLN,Haleon plc
NEM,Newmont Corporation
MRVL,"Marvell Technology, Inc."
FITB,Fifth Third Bancorp
^SP500-50203010,S&P 500 Interactive Media & Ser
^SP500-502030,S&P 500 Interactive Media & Ser
^SP1500-502030,S&P Composite 1500 Interactive
^SP1500-50203010,S&P Composite 1500 Interactive
^DJUSNS,Dow Jones U.S. Internet Index
^SP500-5020,S&P 500 Media & Entertainment (
^SP1500-5020,S&P Composite 1500 Media & Ente
^DJUSSV,Dow Jones U.S. Software & Compu
^SP500-50,S&P 500 Telecommunication Services (Sector)
^SP1500-50,S&P Composite 1500 Communicatio
^DJUSSW,Dow Jones U.S. Software Index
^SP1500-40101015,S&P Composite 1500 Regional Ban
^DJUSTC,Dow Jones U.S. Technology Index
^SP1500-4010,S&P Composite 1500 Banks (Indus
^SP1500-401010,S&P Composite 1500 Banks (Indus
^DJUSBK,Dow Jones U.S. Banks Index
^SP500-4010,S&P 500 Banks (Industry Group)
^SP500-401010,S&P 500 Banks (Industry)
^IXIC,NASDAQ Composite
^NDX,NASDAQ 100
^SP500-40101010,S&P 500 Diversified Banks (Sub
^SP1500-40101010,S&P Composite 1500 Diversified
^DJUSUT,Dow Jones U.S. Utilities Index
^SP1500-6010,S&P Composite 1500 Real Estate
^SP1500-60,S&P Composite 1500 Real Estate
^SP500-45,S&P 500 Information Technology (Sector)
^DJUSRE,Dow Jones U.S. Real Estate Inde
^SP1500-45,S&P Composite 1500 Information
^DJUSRI,Dow Jones U.S. Real Estate Inve
^SP100,S&P 100
^DJUSIS,Dow Jones U.S. Support Services
^DJUSPN,Dow Jones U.S. Pharmaceuticals
^SP1500-2550,S&P Composite 1500 Retailing (I
^DJUSME,Dow Jones U.S. Media Index
^SPX,S&P 500 INDEX
^GSPC,S&P 500
^DJUSFN,Dow Jones U.S. Financials Index
^SP1500-40,S&P Composite 1500 Financials (
^DJUSGT,Dow Jones U.S. General Retailer
^SPTMI,S&P TMI
^SP1500,S&P Composite 1500
^SP500-40,S&P 500 Financials (Sector)
^SP1500-3520,S&P Composite 1500 - Pharmaceut
^DJUSHC,Dow Jones U.S. Health Care Inde
^SP1500-35,S&P Composite 1500 Health Care
^SPTEST1,S&P GLOBAL 1200 Materials (Indu
^SP500-35,S&P 500 Health Care (Sector)
^DJUSBC,Dow Jones U.S. Broadcasting & E
^DJA,Dow Jones Composite Average
^SP1500-4520,S&P Composite 1500 Technology H
^SPCBMIRWDUSD1,S&P Developed BMI (USD)
^DJUSRT,Dow Jones U.S. Retail Index
^SP500-30,S&P 500 Consumer Staples (Sector)
^DJUSCY,Dow Jones U.S. Consumer Service
^SP1500-30,S&P Composite 1500 Consumer Sta
^DJUSTQ,Dow Jones U.S. Technology Hardw
^SP500-25,S&P 500 Consumer Discretionary (Sector)
^SP1500-4020,S&P Composite 1500 Diversified
^SP500-4020,S&P 500 Diversified Financials (Industry Group)
^SP600,S&P 600
^SP500-45301020,S&P 500 Semiconductors (Sub Ind)
^DJI2MN,Dow Jones Industrial Average (2
^DJI,Dow Jones Industrial Average
^SP1500-25,S&P Composite 1500 Consumer Dis
^DJUSIG,Dow Jones U.S. Industrial Goods
^DJUSIN,Dow Jones U.S. Industrials Inde
^DJUSNG,Dow Jones U.S. Personal & House
^SP1500-45301020,S&P Composite 1500 Semiconducto
^SP500-20,S&P 500 Industrials (Sector)
^DJUSNC,Dow Jones U.S. Consumer Goods I
^SP1500-20,S&P Composite 1500 Industrials
^SP500-453010,S&P 500 Semiconductor & Semiconductor Equipment (Industry)
^SP500-4530,S&P 500 Semiconductors & Semiconductor Equipment (Industry Group)
^SP400,S&P 400
^DJUSCG,Dow Jones U.S. Travel & Leisure
^SP1500-4530,S&P Composite 1500 Semiconducto
^SP1500-453010,S&P Composite 1500 Semiconducto
^SP1500-1510,S&P Composite 1500 Materials (I
^SP1500-15,S&P Composite 1500 Materials (S
^DJUSSC,Dow Jones U.S. Semiconductors I
^DJUSFI,Dow Jones U.S. Financial Servic
^DJUSGF,Dow Jones U.S. Financial Servic
^DJUSBM,Dow Jones U.S. Basic Materials
^SP500-25102010,S&P 500 Automobile Manufacturers (Sub Ind)
^SP1500-25102010,S&P Composite 1500 Automobile M
^SP500-251020,S&P 500 Automobiles (Industry)
^SP1500-251020,S&P Composite 1500 Automobiles
^DJUSAU,Dow Jones U.S. Automobiles Inde
^SP1500-2010,S&P Composite 1500 Capital Good
^DJUSAP,Dow Jones U.S. Automobiles & Pa
^SP500-2510,S&P 500 Automobiles & Components (Industry Group)
^SP1500-2510,S&P Composite 1500 Automobiles
^SP1500-101020,"S&P Composite 1500 Oil, Gas & C"
^SP500-101020,"S&P 500 Oil, Gas & Consumable Fuels (Industry)"
^DJUSEN,Dow Jones U.S. Oil & Gas Index
^SP1500-10,S&P Composite 1500 Energy (Sect
^SP1500-1010,S&P Composite 1500 Energy (Indu
^SP500-1010,S&P 500 Energy (Industry Group)
^GSPE,S&P 500 Energy (Sector)
^DJUSOG,Dow Jones U.S. Oil & Gas Produc
VDADX,Vanguard Dividend Appreciation Index Fund
FCTDX,Strategic Advisers Fidelity U.S. Total Stock Fund
FSKAX,Fidelity Total Market Index Fund
VPMAX,Vanguard PRIMECAP Fund Admiral Shares
VPMCX,Vanguard PrimeCap Fund
VDIGX,"Vanguard Specialized Portfolios, Vanguard Dividend Growth Fund"
FALCX,Strategic Advisers Large Cap Fund
FRDAX,Franklin Rising Dividends Fund Advisor Class
FRDTX,Franklin Rising Dividends Fund Class C
FRDPX,Franklin Rising Dividends Fund
FRDRX,Franklin Rising Dividends Fund Class R
FRISX,Franklin Rising Dividends Fund R6 Class
PRDGX,"T. Rowe Price Dividend Growth Fund, Inc."
TRZDX,T. Rowe Price Dividend Growth Fund
TADGX,T. Rowe Price Dividend Growth Fund
PDGIX,T. Rowe Price Dividend Growth Fund
FGLGX,Fidelity Series Large Cap Stock Fund
VGIAX,Vanguard Growth and Income Fund Admiral Shares
VQNPX,Vanguard Growth and Income Fund
VPCCX,Vanguard PRIMECAP Core Fund Investor Shs
TRPSX,TIAA-CREF Social Choice Equity Fund
TISCX,TIAA-CREF Social Choice Equity Fund Inst Cl
TRSCX,TIAA-CREF Social Choice Equity Fund
TICHX,TIAA-CREF Social Choice Equity Fund
TICRX,TIAA-CREF Social Choice Equity Fund
MRGAX,MFS Core Equity Fund Class A
MRGKX,MFS Core Equity Fund Class R6
MRERX,MFS Core Equity Fund
MRGHX,MFS Core Equity Fund Class R3
MRGJX,MFS Core Equity Fund
MRGGX,MFS Core Equity Fund
MRGCX,MFS Core Equity Fund Class C
MRGRX,MFS Core Equity Fund
MRGBX,MFS Core Equity Fund Class B
DFSIX,DFA U.S. Sustainability Core I Ptf
DURPX,U.S. High Relative Profitability Portfolio Institutional Class
ISIPX,Voya U.S. Stock Index Portfolio
ISIVX,Voya U.S. Stock Index Portfolio
VPSPX,Voya U.S. Stock Index Portfolio
INGIX,Voya U.S. Stock Index Portfolio Class I
ISJBX,Voya U.S. Stock Index Portfolio
JFIVX,John Hancock Variable Insurance Trust 500 Index Trust Series 1
PMYAX,Putnam Putnam Core Equity Fund
PMYYX,Putnam Core Equity Fund
PMYCX,Putnam Multi-Cap Core Fund Class C
PMYZX,Putnam Multi-Cap Core Fund
PMYTX,Putnam Core Equity Fund
PMYBX,Putnam Multi-Cap Core Fund Class B
FDFIX,Fidelity Flex 500 Index Fund
NEIAX,Columbia Large Cap Index Fund
NINDX,Columbia Large Cap Index Fund
CLXRX,Columbia Large Cap Index Fund Institutional 2 Class
CLPYX,Columbia Large Cap Index Fund Institutional 3 Class
FLCEX,Fidelity Large Cap Core Enhanced Index Fund
PTOPX,PIMCO StocksPLUS Absolute Return Fund
PTOAX,PIMCO StocksPLUS Absolute Return Fund
PSPTX,PIMCO StocksPLUS Absolute Return Fund Institutional Class
PSPNX,PIMCO StocksPLUS Absolute Return Fund
PSOCX,PIMCO StocksPLUS Absolute Return Fund
IGISX,Voya Growth and Income Portfolio
IAVGX,Voya Growth and Income Portfolio
ISVGX,Voya Growth and Income Portfolio
IIVGX,Voya Growth and Income Portfolio Class I
SDLAX,SEI Institutional Investments Trust Dynamic Asset Allocation Fund
CERPX,Pioneer Core Equity Fund
PCEKX,Pioneer Core Equity Fund Class K
PVFYX,Pioneer Core Equity Fund Class Y
PCOTX,Pioneer Core Equity Fund
PIOTX,Pioneer Core Equity Fund
FTRIX,Fidelity Mega Cap Stock Fund
FGRTX,Fidelity Mega Cap Stock Fund
FGRCX,Fidelity Advisor Mega Cap Stock Fund Class C
FZALX,Fidelity Advisor Mega Cap Stock Fd Cl Z
FTGRX,Fidelity Advisor Mega Cap Stock Fund Class M
FGTAX,Fidelity Advisor Mega Cap Stock Fund Class A
HSTAX,Hartford Stock HLS Fund
HIBSX,Hartford Stock HLS Fund
SEHAX,SEI Institutional Investments Trust U.S. Equity Factor Allocation Fund
EVSHX,Allspring Disciplined U.S. Core Fund - Class R
EVSTX,Allspring Disciplined U.S. Core Fund Class C
EVSRX,Allspring Disciplined U.S. Core Fund
EVSYX,Allspring Disciplined U.S. Core Fund
EVSIX,Allspring Disciplined U.S. Core Fund
EVSAX,Allspring Disciplined U.S. Core Fund
SPIIX,SEI Institutional Managed Trust S&P 500 Index Fund
SSPIX,SEI Index Fund S&P 500 Index Fund Class F
SDYAX,SEI Institutional Managed Trust Dynamic Asset Allocation Fund
SDYYX,SEI Institutional Managed Trust Dynamic Asset Allocation Fund
VSRDX,VALIC Company I U.S. Socially Responsible Fund
MMFVX,MassMutual Equity Opportunities Fund Administrative Class
MFVNX,MassMutual Select Focused Value Fund Class R3
MFVSX,MassMutual Equity Opportunities Fund
MMFYX,MassMutual Equity Opportunities Fund
MFVZX,MassMutual Equity Opportunities Fund Class I
MFVFX,MassMutual Equity Opportunities Fund
MFVAX,MassMutual Equity Opportunities Fund
MCSSX,MainStay WMC Enduring Capital Fund
MOPBX,MainStay WMC Enduring Capital Fund Class B
MSOIX,MainStay WMC Enduring Capital Fund
BTCM,BIT Mining Limited
SKLZ,Skillz Inc.
TLRY,"Tilray Brands, Inc."
SPCE,"Virgin Galactic Holdings, Inc."
UP,Wheels Up Experience Inc.
OPEN,Opendoor Technologies Inc.
RGS,Regis Corporation
CGC,Canopy Growth Corporation
PSFE,Paysafe Limited
ACB,Aurora Cannabis Inc.
BCRX,"BioCryst Pharmaceuticals, Inc."
IVR,Invesco Mortgage Capital Inc.
DM,"Desktop Metal, Inc."
CDE,"Coeur Mining, Inc."
CANO,"Cano Health, Inc."
EVGO,"EVgo, Inc."
HYLN,Hyliion Holdings Corp.
OPK,"OPKO Health, Inc."
FTCH,Farfetch Limited
AMRS,"Amyris, Inc."
ORC,"Orchid Island Capital, Inc."
MUX,McEwen Mining Inc.
MCRB,"Seres Therapeutics, Inc."
OTLY,Oatly Group AB
ALXO,ALX Oncology Holdings Inc.
VMEO,"Vimeo, Inc."
APRE,"Aprea Therapeutics, Inc."
AMWL,American Well Corporation
NVTA,Invitae Corporation
HLX,"Helix Energy Solutions Group, Inc."
BFLY,"Butterfly Network, Inc."
IMGN,"ImmunoGen, Inc."
DNMR,"Danimer Scientific, Inc."
QUOT,Quotient Technology Inc.
DSX,Diana Shipping Inc.
PGRE,"Paramount Group, Inc."
RAD,Rite Aid Corporation
KAR,"KAR Auction Services, Inc."
SFIX,"Stitch Fix, Inc."
AEVA,"Aeva Technologies, Inc."
BYND,"Beyond Meat, Inc."
ANGI,Angi Inc.
COMM,"CommScope Holding Company, Inc."
RXT,"Rackspace Technology, Inc."
BBBY,Bed Bath & Beyond Inc.
PRPL,"Purple Innovation, Inc."
BKD,Brookdale Senior Living Inc.
TRUE,"TrueCar, Inc."
ASTS,"AST SpaceMobile, Inc."
SCS,Steelcase Inc.
CVNA,Carvana Co.
HA,"Hawaiian Holdings, Inc."
UPWK,Upwork Inc.
LPSN,"LivePerson, Inc."
BCYC,Bicycle Therapeutics plc
COOK,"Traeger, Inc."
PLAY,"Dave & Buster's Entertainment, Inc."
VNET,"VNET Group, Inc."
AROC,"Archrock, Inc."
RDFN,Redfin Corporation
HEPS,D-Market Elektronik Hizmetler ve Ticaret A.S.
SXC,"SunCoke Energy, Inc."
INSG,Inseego Corp.
AVAH,Aveanna Healthcare Holdings Inc.
FA,First Advantage Corporation
KTOS,"Kratos Defense & Security Solutions, Inc."
CNDT,Conduent Incorporated
RES,"RPC, Inc."
IHRT,"iHeartMedia, Inc."
RIGL,"Rigel Pharmaceuticals, Inc."
JBI,"Janus International Group, Inc."
DNOW,NOW Inc.
AVID,"Avid Technology, Inc."
GPRE,Green Plains Inc.
BBAR,Banco BBVA Argentina S.A.
CHMI,Cherry Hill Mortgage Investment Corporation
TWOU,"2U, Inc."
ARCO,Arcos Dorados Holdings Inc.
GRTS,"Gritstone bio, Inc."
BALY,Bally's Corporation
STAR,iStar Inc.
AUD,"Audacy, Inc."
VIST,"Vista Energy, S.A.B. de C.V."
CAL,"Caleres, Inc."
